                  epoch,         train/box_loss,         train/seg_loss,         train/cls_loss,         train/dfl_loss,   metrics/precision(B),      metrics/recall(B),       metrics/mAP50(B),    metrics/mAP50-95(B),   metrics/precision(M),      metrics/recall(M),       metrics/mAP50(M),    metrics/mAP50-95(M),           val/box_loss,           val/seg_loss,           val/cls_loss,           val/dfl_loss,                 lr/pg0,                 lr/pg1,                 lr/pg2
                      0,                 2.7637,                 4.8549,                 3.9049,                 2.7038,                0.00718,                0.27878,                0.01673,                0.00539,                0.00028,                0.01667,                0.00118,                0.00012,                 3.0611,                 6.1507,                 3.8594,                 2.8423,                 0.0955,                 0.0005,                 0.0005
                      1,                 2.8023,                 4.4729,                 3.8343,                 2.7205,                0.01038,                0.55406,                0.06963,                0.02575,                 0.0031,                0.12262,                0.04103,                0.00815,                 2.7265,                 5.3623,                  3.714,                 2.6637,               0.090096,              0.0010962,              0.0010962
                      2,                 2.6189,                 4.1625,                 3.7837,                 2.5867,                 0.0122,                0.44032,                0.12465,                0.06031,                0.00374,                0.13544,                0.07322,                 0.0214,                 2.7718,                 5.3288,                 3.7233,                 2.7181,               0.084688,              0.0016884,              0.0016884
                      3,                 2.5338,                  3.874,                 3.6921,                 2.5488,                0.01022,                0.54155,                0.10855,                0.05187,                0.00334,                0.11878,                 0.0493,                 0.0157,                  2.827,                 5.0443,                 3.6568,                  2.728,               0.079276,              0.0022764,              0.0022764
                      4,                 2.4458,                  3.573,                  3.656,                 2.4642,                0.01032,                0.57406,                 0.0899,                0.03794,                0.00431,                0.16342,                0.03416,                0.00911,                 2.8423,                 4.9592,                 3.6385,                 2.7293,                0.07386,              0.0028604,              0.0028604
                      5,                 2.3588,                 3.4598,                 3.5818,                 2.3835,                0.01113,                0.56952,                0.09885,                0.03792,                0.00415,                0.14675,                0.03355,                 0.0112,                 2.7561,                 4.8342,                 3.5552,                 2.6579,                0.06844,              0.0034403,              0.0034403
                      6,                  2.189,                   3.34,                 3.5111,                 2.2808,                0.01168,                0.58619,                0.11363,                 0.0453,                0.00526,                 0.1929,                0.04466,                  0.013,                 2.6787,                 4.8823,                 3.4532,                 2.5846,               0.063016,               0.004016,               0.004016
                      7,                 2.1595,                   3.18,                 3.4127,                 2.2505,                0.75815,                 0.1179,                0.14349,                0.05895,                0.74809,                0.10275,                0.09461,                0.02356,                 2.5076,                 4.6729,                 3.3404,                 2.4471,               0.057588,              0.0045877,              0.0045877
                      8,                 2.0811,                 2.9501,                 3.3015,                 2.2015,                0.78205,                0.13927,                0.14529,                0.05755,                0.74878,                0.09697,                0.10702,                0.02981,                  2.352,                 4.4699,                 3.2293,                 2.3001,               0.052155,              0.0051553,              0.0051553
                      9,                 1.9318,                 2.9061,                 3.1011,                 2.1262,                0.80816,                0.12727,                0.19974,                0.07791,                0.78142,                0.12554,                0.13422,                0.04255,                 2.2709,                 4.1688,                 3.1279,                 2.2297,               0.046719,              0.0057187,              0.0057187
                     10,                 1.8619,                 2.8452,                 2.9486,                 2.1042,                0.80662,                0.14687,                0.23375,                0.08897,                0.78455,                0.14394,                0.16214,                0.05283,                 2.1998,                 3.8913,                 3.0261,                  2.193,               0.041278,              0.0062781,              0.0062781
                     11,                 1.7824,                 2.6289,                 2.9096,                 2.0054,                 0.6889,                0.19866,                0.21822,                0.09883,                0.78135,                0.14394,                0.12597,                0.05501,                 2.1246,                 3.8453,                 3.0039,                 2.1576,               0.035833,              0.0068334,              0.0068334
                     12,                 1.6746,                 2.5915,                 2.7178,                 1.9471,                0.51601,                0.30393,                 0.2813,                0.13032,                0.49836,                 0.2403,                0.14679,                0.06039,                 2.0588,                 3.9113,                 2.9891,                 2.0926,               0.030385,              0.0073846,              0.0073846
                     13,                 1.6428,                 2.4123,                 2.6813,                 1.9292,                0.44144,                0.28988,                0.26434,                0.13272,                0.40555,                0.24098,                0.18351,                0.08438,                 1.9798,                  3.858,                 2.7535,                 2.0268,               0.024932,              0.0079317,              0.0079317
                     14,                 1.6389,                 2.3687,                 2.5949,                 1.9241,                0.42021,                0.30823,                0.24022,                0.12763,                0.59112,                0.19278,                0.17034,                0.09179,                 2.0711,                  3.888,                 2.7508,                 2.0578,               0.019475,              0.0084746,              0.0084746
                     15,                 1.5253,                 2.3702,                 2.5324,                 1.8286,                0.55324,                0.25706,                0.36396,                0.15457,                0.70714,                0.18453,                0.19592,                0.09956,                 1.9109,                 3.7189,                 2.4631,                 1.9056,               0.014014,              0.0090135,              0.0090135
                     16,                 1.5118,                 2.2832,                 2.4545,                 1.8332,                 0.4373,                 0.2125,                0.27061,                0.13361,                0.56623,                0.17281,                0.19943,                0.10426,                 1.9544,                  3.957,                 2.5804,                 1.9476,              0.0094538,              0.0094538,              0.0094538
                     17,                 1.4906,                 2.1875,                 2.4059,                 1.8508,                0.37615,                0.45869,                0.42775,                0.17947,                0.52806,                0.18897,                0.22237,                0.12077,                 1.8357,                 3.6645,                 2.5512,                 1.8371,              0.0094538,              0.0094538,              0.0094538
                     18,                 1.3655,                 2.1578,                 2.1933,                 1.6921,                0.47025,                0.39958,                0.44856,                 0.2381,                 0.3255,                0.22571,                0.22531,                0.12004,                 1.8095,                 3.7971,                  2.497,                 1.8061,              0.0094197,              0.0094197,              0.0094197
                     19,                  1.364,                 2.0768,                 2.1766,                 1.6355,                 0.7279,                 0.3317,                0.50291,                0.27536,                0.35405,                0.26428,                0.27008,                0.14665,                 1.9196,                 4.1151,                 2.3427,                 1.8576,              0.0093855,              0.0093855,              0.0093855
                     20,                  1.297,                 1.9707,                 2.0783,                 1.6251,                0.71332,                0.34371,                0.51135,                0.23937,                0.52994,                0.26595,                0.30578,                0.15765,                 1.8594,                 4.0133,                 2.3105,                 1.8361,              0.0093514,              0.0093514,              0.0093514
                     21,                 1.2624,                 1.9458,                 2.0137,                 1.5844,                0.43188,                0.47344,                0.38587,                0.23935,                0.44743,                0.32415,                0.32587,                0.14215,                 1.6998,                 4.0291,                  2.299,                 1.7434,              0.0093172,              0.0093172,              0.0093172
                     22,                 1.1963,                 1.8531,                 1.8891,                 1.5567,                0.49773,                0.48847,                0.39794,                0.24356,                0.41959,                0.36312,                0.31201,                0.14935,                 1.7433,                 3.9545,                 2.2917,                 1.7687,              0.0092831,              0.0092831,              0.0092831
                     23,                 1.2176,                 1.8562,                 1.9497,                 1.5284,                0.52559,                  0.436,                0.45997,                0.32029,                0.44832,                0.29125,                0.27028,                0.13586,                 1.6857,                   3.93,                 2.2951,                 1.7197,               0.009249,               0.009249,               0.009249
                     24,                 1.0875,                 1.7223,                 1.7567,                 1.4408,                0.66963,                0.40797,                0.46196,                0.33933,                0.41206,                0.26644,                0.26326,                0.13752,                 1.6448,                  3.705,                 2.2747,                 1.7007,              0.0092148,              0.0092148,              0.0092148
                     25,                 1.1105,                 1.7376,                 1.7586,                 1.4584,                0.57049,                  0.523,                0.51391,                0.32045,                0.43573,                0.27681,                   0.28,                0.16222,                 1.6414,                 3.7553,                 2.2161,                 1.7161,              0.0091807,              0.0091807,              0.0091807
                     26,                  1.097,                  1.673,                 1.7219,                 1.4385,                0.59058,                0.44519,                0.50387,                0.30505,                0.48755,                0.27893,                0.30441,                 0.1419,                 1.7283,                 3.7179,                 2.3258,                 1.7882,              0.0091466,              0.0091466,              0.0091466
                     27,                 1.0966,                 1.6085,                 1.6962,                 1.4122,                0.58304,                0.45037,                0.48806,                0.33043,                0.47348,                0.31218,                0.29448,                0.15632,                 1.6842,                 3.4158,                 2.2869,                 1.7233,              0.0091124,              0.0091124,              0.0091124
                     28,                 1.0675,                 1.4863,                 1.6276,                 1.4089,                0.69455,                0.41789,                0.53958,                0.35484,                0.45205,                0.29878,                 0.3322,                0.17716,                 1.6823,                 3.5373,                  2.168,                 1.6628,              0.0090783,              0.0090783,              0.0090783
                     29,                 1.0076,                 1.6051,                 1.5718,                 1.3575,                0.73555,                0.44532,                0.54615,                0.39713,                0.51489,                0.29881,                0.31658,                0.19322,                 1.6714,                 3.6725,                 2.1179,                 1.6508,              0.0090441,              0.0090441,              0.0090441
                     30,                 1.0099,                 1.5352,                 1.5969,                 1.3339,                0.78098,                0.41263,                0.54515,                0.40678,                0.53714,                0.33768,                0.35429,                0.19528,                 1.6281,                 3.5507,                 2.1591,                 1.6344,                0.00901,                0.00901,                0.00901
                     31,                0.98976,                 1.5636,                 1.5531,                  1.333,                0.81916,                0.37787,                0.52662,                  0.378,                0.42478,                 0.3597,                0.33896,                0.20392,                 1.5501,                 3.0798,                 2.1578,                 1.5856,              0.0089759,              0.0089759,              0.0089759
                     32,                0.94455,                 1.4927,                 1.5014,                   1.28,                0.74474,                  0.428,                0.56985,                0.41931,                0.55618,                0.31806,                0.37033,                0.22548,                 1.5808,                 3.2703,                  2.173,                 1.5748,              0.0089417,              0.0089417,              0.0089417
                     33,                0.99627,                 1.5249,                 1.4741,                   1.31,                0.62512,                 0.5112,                0.54833,                0.39595,                0.45179,                0.38735,                0.34491,                0.20379,                 1.5877,                 3.3211,                 2.1637,                 1.5702,              0.0089076,              0.0089076,              0.0089076
                     34,                0.94209,                 1.3998,                 1.4029,                 1.2631,                0.71462,                0.47508,                0.52383,                0.37777,                0.60608,                0.32754,                0.34342,                0.20745,                 1.5627,                 3.1437,                 2.2428,                 1.6026,              0.0088734,              0.0088734,              0.0088734
                     35,                0.96341,                 1.4288,                 1.4449,                 1.2936,                0.61174,                0.50605,                0.54521,                0.39546,                0.52652,                0.35888,                0.34721,                0.21543,                 1.5569,                 3.1049,                 2.1688,                 1.5604,              0.0088393,              0.0088393,              0.0088393
                     36,                0.87913,                 1.3626,                 1.3292,                 1.2393,                0.90613,                0.38502,                0.55644,                0.42337,                0.44018,                0.36475,                0.37386,                0.21611,                 1.5212,                 3.1453,                 2.0873,                 1.5453,              0.0088052,              0.0088052,              0.0088052
                     37,                0.87024,                 1.3069,                 1.2959,                 1.2348,                0.85195,                0.36261,                0.52954,                0.37503,                0.32493,                0.31689,                0.30841,                0.19133,                 1.4699,                 3.2739,                 2.1622,                 1.5482,               0.008771,               0.008771,               0.008771
                     38,                0.84418,                 1.2941,                 1.2656,                 1.2072,                0.75944,                0.42744,                0.54774,                 0.3859,                0.35106,                0.37281,                0.33056,                0.20659,                 1.4745,                 3.4099,                 2.1311,                 1.5327,              0.0087369,              0.0087369,              0.0087369
                     39,                0.86246,                 1.2518,                 1.2251,                  1.229,                0.55412,                0.49429,                0.58348,                0.40235,                0.48752,                0.31399,                0.37536,                0.21817,                 1.5011,                 3.4761,                 2.1692,                 1.5528,              0.0087028,              0.0087028,              0.0087028
                     40,                0.79655,                 1.2505,                 1.1969,                 1.1724,                0.60021,                0.50148,                0.55967,                0.40118,                0.48803,                0.34527,                0.35925,                0.21694,                  1.518,                  3.217,                 2.0826,                 1.5407,              0.0086686,              0.0086686,              0.0086686
                     41,                0.80935,                  1.239,                 1.2144,                 1.1928,                0.61706,                0.50384,                0.54861,                0.39293,                0.48206,                0.31437,                0.33522,                0.20362,                 1.5628,                 3.2052,                 2.1268,                  1.562,              0.0086345,              0.0086345,              0.0086345
                     42,                0.80319,                 1.2143,                 1.1436,                 1.1779,                0.66533,                 0.5263,                 0.6081,                0.41934,                0.52173,                0.31702,                0.35732,                0.21987,                 1.4938,                  3.217,                 1.9556,                 1.5247,              0.0086003,              0.0086003,              0.0086003
                     43,                 0.8066,                 1.2269,                 1.1562,                 1.1698,                0.53305,                 0.5326,                0.57816,                0.40708,                0.44119,                0.37873,                 0.3709,                0.20931,                 1.4952,                 3.2964,                 2.0557,                 1.4974,              0.0085662,              0.0085662,              0.0085662
                     44,                0.75373,                 1.1293,                 1.0958,                  1.156,                0.54538,                0.50419,                0.56327,                0.40359,                0.43786,                0.34159,                0.37475,                0.22053,                  1.452,                 3.1695,                 2.0779,                 1.4826,              0.0085321,              0.0085321,              0.0085321
                     45,                0.77998,                 1.1889,                  1.136,                 1.1656,                0.80481,                0.42533,                 0.6036,                0.44864,                0.48996,                0.35225,                0.40326,                0.23473,                 1.4024,                 3.2532,                 2.1379,                 1.4896,              0.0084979,              0.0084979,              0.0084979
                     46,                0.74842,                 1.1427,                 1.0729,                 1.1631,                0.52769,                0.54604,                0.60107,                0.41637,                0.46237,                0.34417,                0.38212,                0.21761,                 1.4601,                 3.2782,                 2.0423,                 1.4997,              0.0084638,              0.0084638,              0.0084638
                     47,                0.75589,                 1.1033,                  1.071,                 1.1429,                0.72487,                0.52368,                0.60169,                 0.4413,                0.61013,                 0.3408,                0.40561,                0.25366,                 1.3943,                 3.1141,                   2.06,                 1.5012,              0.0084297,              0.0084297,              0.0084297
                     48,                0.72809,                 1.2105,                 1.0525,                 1.1061,                0.61808,                0.56022,                 0.5955,                0.44467,                0.53876,                0.38719,                0.40313,                0.24637,                 1.3357,                  3.181,                 1.9565,                 1.4566,              0.0083955,              0.0083955,              0.0083955
                     49,                0.70611,                 1.1315,                  1.004,                 1.1174,                0.63809,                0.53471,                0.58228,                 0.4403,                0.54669,                0.36339,                0.39921,                0.24883,                 1.2882,                 3.1123,                 1.9188,                 1.4277,              0.0083614,              0.0083614,              0.0083614
                     50,                0.71779,                 1.1237,                0.98269,                 1.1101,                0.58515,                0.51358,                 0.5644,                0.42884,                0.42369,                0.34096,                0.35027,                0.23516,                 1.3433,                 3.0909,                 1.9614,                 1.4775,              0.0083272,              0.0083272,              0.0083272
                     51,                0.68408,                  1.057,                0.96391,                 1.1192,                0.66443,                0.54545,                 0.5769,                0.42606,                0.44864,                0.39409,                0.37087,                0.23743,                  1.458,                 3.0754,                 2.0763,                 1.5504,              0.0082931,              0.0082931,              0.0082931
                     52,                0.67009,                  1.007,                0.93145,                 1.0813,                0.60602,                0.57183,                0.57507,                0.41197,                0.49128,                0.38678,                0.36365,                0.23904,                 1.4464,                 3.2924,                 2.1363,                 1.5482,               0.008259,               0.008259,               0.008259
                     53,                0.73418,                 1.0734,                0.98782,                 1.1061,                0.81882,                0.41145,                0.55124,                0.40135,                0.55312,                0.29034,                0.36653,                 0.2421,                 1.4506,                 3.1338,                 2.1471,                 1.5464,              0.0082248,              0.0082248,              0.0082248
                     54,                0.70681,                 1.1633,                 0.9775,                 1.0916,                0.72387,                0.47506,                0.56009,                0.42065,                0.54526,                0.30421,                0.36559,                0.23962,                 1.4682,                 2.9644,                  2.188,                 1.5466,              0.0081907,              0.0081907,              0.0081907
                     55,                0.65298,                 0.9831,                0.91566,                 1.0839,                0.84055,                0.45995,                0.61105,                0.48222,                 0.7255,                0.29458,                0.41458,                0.25666,                 1.3582,                 3.0022,                 2.0935,                 1.4412,              0.0081566,              0.0081566,              0.0081566
                     56,                0.66973,                 0.9939,                0.90252,                 1.0649,                0.85079,                 0.4414,                 0.5688,                0.45783,                0.49562,                0.32578,                0.38245,                 0.2348,                 1.3736,                 3.0315,                 2.0882,                 1.4672,              0.0081224,              0.0081224,              0.0081224
                     57,                0.65659,                 1.0248,                 0.9078,                  1.072,                0.72468,                0.51344,                0.59809,                0.46648,                0.60742,                0.33356,                0.39479,                0.25096,                 1.3704,                 3.3032,                 2.0627,                 1.4536,              0.0080883,              0.0080883,              0.0080883
                     58,                0.66046,                0.95101,                0.88217,                 1.0787,                0.71541,                0.51897,                0.58881,                0.46501,                0.55599,                0.32732,                0.37211,                0.25084,                 1.3229,                 3.3026,                 1.9067,                  1.401,              0.0080541,              0.0080541,              0.0080541
                     59,                0.66101,                0.94253,                 0.8558,                 1.0764,                0.72903,                 0.5399,                0.61116,                 0.4519,                0.58267,                0.34293,                0.37562,                0.24005,                 1.3209,                 3.1977,                  1.859,                 1.4056,                0.00802,                0.00802,                0.00802
                     60,                0.65308,                0.98162,                0.86785,                 1.0474,                0.72603,                0.50336,                 0.5901,                  0.459,                0.72273,                0.29877,                0.41414,                0.24806,                 1.3295,                 3.2397,                  1.876,                 1.4313,              0.0079859,              0.0079859,              0.0079859
                     61,                 0.6569,                 0.9875,                0.84894,                 1.0454,                 0.6503,                0.53673,                0.59195,                0.44944,                0.49496,                0.33126,                0.36814,                0.23666,                 1.3669,                 3.1988,                 1.8733,                 1.4379,              0.0079517,              0.0079517,              0.0079517
                     62,                0.65855,                0.94835,                0.84788,                 1.0476,                0.73083,                0.56384,                0.61615,                0.45166,                0.56068,                0.35216,                0.38807,                0.23709,                 1.3989,                 3.1537,                 1.8925,                 1.4456,              0.0079176,              0.0079176,              0.0079176
                     63,                0.65927,                0.94304,                0.86819,                 1.0469,                0.71809,                0.50167,                0.59835,                0.45453,                0.49966,                0.38672,                0.38522,                 0.2572,                 1.4198,                 3.2043,                 1.9343,                 1.4808,              0.0078834,              0.0078834,              0.0078834
                     64,                0.62255,                0.88883,                 0.8435,                 1.0379,                0.53733,                0.56069,                0.56262,                0.43044,                0.45021,                0.39292,                 0.3775,                0.24449,                 1.4531,                 3.2091,                 1.9273,                 1.4915,              0.0078493,              0.0078493,              0.0078493
                     65,                 0.6049,                0.88589,                 0.8171,                 1.0353,                0.72722,                0.50538,                0.58549,                0.43971,                0.47987,                0.36298,                0.37097,                0.25563,                 1.3297,                 3.3413,                 1.9634,                 1.4123,              0.0078152,              0.0078152,              0.0078152
                     66,                0.60982,                0.87853,                0.82165,                 1.0265,                0.68819,                0.49899,                0.58303,                0.44133,                0.53466,                0.35151,                0.38288,                0.25701,                 1.3346,                 3.0133,                 1.9408,                 1.4205,               0.007781,               0.007781,               0.007781
                     67,                0.60315,                0.91117,                0.79346,                  1.014,                0.71169,                0.50529,                 0.5966,                0.43844,                0.51757,                0.35621,                0.38503,                0.25352,                 1.3506,                 3.1365,                 1.8446,                 1.4295,              0.0077469,              0.0077469,              0.0077469
                     68,                0.63601,                0.94975,                0.85889,                 1.0417,                0.70854,                0.55928,                0.63371,                0.45779,                0.55225,                 0.3686,                0.40726,                 0.2652,                  1.378,                 3.0408,                 1.8176,                 1.4603,              0.0077128,              0.0077128,              0.0077128
                     69,                0.57355,                0.86991,                0.78937,                0.99652,                 0.7351,                0.49603,                0.61752,                0.47056,                0.53791,                0.36562,                 0.4006,                0.27254,                 1.4141,                 3.2358,                 1.8746,                  1.515,              0.0076786,              0.0076786,              0.0076786
                     70,                0.57062,                0.80309,                0.74886,                 1.0099,                 0.6896,                0.49576,                0.60716,                0.46009,                0.82243,                0.30875,                0.39671,                0.27027,                 1.4344,                  3.191,                 1.9504,                 1.5335,              0.0076445,              0.0076445,              0.0076445
                     71,                0.57174,                0.87002,                0.74588,                 1.0291,                0.73051,                0.50462,                0.57987,                0.44419,                0.56681,                0.33968,                0.37816,                0.25144,                 1.4079,                 3.1196,                 1.9846,                 1.5168,              0.0076103,              0.0076103,              0.0076103
                     72,                 0.5642,                 0.8458,                0.75634,                0.98377,                0.78617,                0.49991,                 0.5925,                 0.4306,                0.60532,                0.34598,                0.38614,                0.25139,                 1.3714,                 3.0411,                 1.9816,                 1.4759,              0.0075762,              0.0075762,              0.0075762
                     73,                0.58165,                0.85248,                0.77018,                 1.0075,                0.84548,                0.46859,                0.60622,                0.45254,                0.57407,                0.33804,                0.40748,                0.26563,                 1.3166,                 3.0797,                 1.9928,                 1.4511,              0.0075421,              0.0075421,              0.0075421
                     74,                 0.5703,                0.85317,                0.75015,                0.99779,                0.79931,                0.50977,                0.62003,                0.45779,                0.60977,                 0.3515,                0.41954,                0.27592,                 1.3267,                 3.0065,                 1.9585,                 1.4362,              0.0075079,              0.0075079,              0.0075079
                     75,                0.56584,                0.82801,                0.73793,                0.98697,                  0.682,                 0.5518,                0.62248,                0.44378,                0.57328,                0.38535,                0.41927,                0.27478,                 1.3584,                 2.9711,                 1.9659,                 1.4735,              0.0074738,              0.0074738,              0.0074738
                     76,                0.57376,                0.83605,                0.74246,                0.97316,                0.78367,                0.53733,                0.64272,                0.47015,                0.63926,                0.35833,                0.43632,                0.29269,                 1.3711,                 2.9946,                 1.8998,                 1.4486,              0.0074397,              0.0074397,              0.0074397
                     77,                0.61301,                0.88293,                 0.7573,                 1.0102,                0.78444,                0.54257,                0.64628,                0.46713,                0.51802,                0.39363,                0.44757,                0.29408,                 1.2826,                 2.8568,                 1.8463,                 1.3891,              0.0074055,              0.0074055,              0.0074055
                     78,                 0.5388,                0.78457,                0.71763,                0.98902,                0.72348,                0.53428,                0.62958,                0.46662,                0.59939,                0.35586,                0.43993,                0.28417,                 1.2651,                 2.9294,                  1.856,                  1.378,              0.0073714,              0.0073714,              0.0073714
                     79,                 0.5439,                0.75526,                0.69554,                0.98183,                0.70244,                 0.5388,                 0.6459,                0.47876,                0.59833,                0.38739,                0.47091,                 0.3077,                  1.285,                 2.8398,                 1.7837,                 1.3641,              0.0073372,              0.0073372,              0.0073372
                     80,                0.56132,                0.82303,                0.71091,                0.99116,                0.83093,                0.52137,                0.64217,                0.46773,                0.57629,                0.37358,                0.44768,                0.30025,                 1.2644,                 2.9546,                 1.8113,                 1.3681,              0.0073031,              0.0073031,              0.0073031
                     81,                0.57814,                0.80032,                 0.7161,                0.97742,                0.78771,                 0.5097,                0.63252,                0.48319,                0.51889,                0.40254,                 0.4349,                0.30069,                 1.2848,                 3.0273,                 1.8665,                 1.3961,               0.007269,               0.007269,               0.007269
                     82,                0.52813,                0.81918,                0.68868,                0.99276,                0.66725,                0.59783,                0.64008,                0.48233,                 0.5854,                0.44592,                 0.4516,                0.29717,                 1.3134,                 3.1139,                 1.8865,                 1.3973,              0.0072348,              0.0072348,              0.0072348
                     83,                0.53596,                0.83793,                0.69945,                 0.9747,                0.61452,                0.57455,                0.61371,                0.46993,                0.52699,                0.41769,                0.43335,                0.29184,                  1.351,                 3.0961,                 1.9147,                 1.4087,              0.0072007,              0.0072007,              0.0072007
                     84,                0.52954,                0.76051,                0.68562,                 0.9718,                 0.6873,                0.59637,                0.63043,                0.46274,                0.60941,                0.44151,                0.45106,                0.29863,                  1.342,                 3.1332,                 1.9547,                  1.405,              0.0071666,              0.0071666,              0.0071666
                     85,                0.53576,                 0.7805,                0.68957,                0.96396,                0.61996,                0.55443,                0.61968,                0.46972,                0.49952,                0.39307,                0.42051,                0.27431,                 1.3598,                 3.1088,                 1.9441,                 1.4227,              0.0071324,              0.0071324,              0.0071324
                     86,                 0.5216,                0.74165,                0.65559,                0.96701,                0.69722,                0.55193,                0.64011,                0.46503,                0.61013,                0.38972,                0.44059,                0.28302,                 1.3633,                 3.1959,                 1.9017,                 1.4251,              0.0070983,              0.0070983,              0.0070983
                     87,                0.50132,                 0.7614,                0.67635,                0.96099,                0.65098,                0.60029,                0.64499,                0.46474,                0.56234,                0.41555,                0.44524,                0.28811,                 1.3679,                 3.0672,                 1.9511,                 1.4248,              0.0070641,              0.0070641,              0.0070641
                     88,                0.52812,                0.78445,                  0.695,                0.97907,                0.70305,                0.61165,                0.65149,                0.47335,                0.56836,                 0.4299,                0.45302,                0.28452,                 1.3613,                 3.2754,                 1.8467,                 1.4183,                0.00703,                0.00703,                0.00703
                     89,                0.50517,                0.70985,                0.65326,                0.97111,                0.63842,                0.55827,                0.63075,                0.46836,                0.49439,                  0.409,                0.42254,                0.28223,                 1.3457,                 3.0532,                 1.9269,                 1.4229,              0.0069959,              0.0069959,              0.0069959
                     90,                0.53124,                0.75617,                0.66497,                0.99288,                  0.622,                0.57236,                0.63178,                0.45116,                  0.512,                 0.4362,                 0.4553,                0.28822,                 1.3276,                 3.1084,                 1.9511,                 1.4281,              0.0069617,              0.0069617,              0.0069617
                     91,                0.54407,                0.75989,                0.67161,                0.96011,                0.81276,                  0.477,                 0.6271,                0.44819,                 0.4408,                0.43106,                0.44364,                0.28755,                 1.2956,                 3.1843,                 1.8701,                 1.4304,              0.0069276,              0.0069276,              0.0069276
                     92,                0.52631,                0.75168,                0.67751,                0.98088,                0.71541,                0.50879,                0.61443,                0.44608,                0.60662,                0.34364,                0.42951,                0.28231,                 1.2856,                 3.1985,                 1.8777,                 1.4241,              0.0068934,              0.0068934,              0.0068934
                     93,                0.49263,                 0.7497,                 0.6174,                 0.9405,                0.73685,                0.54975,                0.62835,                0.43848,                0.59723,                0.36941,                0.43842,                0.29027,                 1.3257,                 3.4292,                 1.8615,                 1.4347,              0.0068593,              0.0068593,              0.0068593
                     94,                0.48501,                0.71711,                0.60288,                 0.9488,                0.74001,                0.53891,                0.61611,                0.43631,                0.56815,                0.36951,                0.43201,                0.28453,                 1.3172,                  3.284,                 1.9099,                 1.4371,              0.0068252,              0.0068252,              0.0068252
                     95,                0.52058,                0.73755,                0.65237,                0.96035,                 0.6497,                0.53662,                0.61373,                0.44349,                0.55064,                0.37254,                 0.4274,                0.28413,                 1.2907,                 3.1493,                  1.931,                 1.4396,               0.006791,               0.006791,               0.006791
                     96,                0.49593,                0.68742,                0.61171,                0.94168,                0.69047,                0.53712,                0.61508,                0.44279,                0.59834,                0.37175,                0.42565,                0.28893,                 1.2926,                 3.1687,                 1.9603,                 1.4434,              0.0067569,              0.0067569,              0.0067569
                     97,                0.50676,                0.67617,                0.62681,                0.95714,                0.78348,                0.50777,                0.60129,                0.42429,                0.66353,                 0.3364,                0.42658,                0.28028,                 1.4377,                 3.1799,                  2.003,                 1.5274,              0.0067228,              0.0067228,              0.0067228
                     98,                0.47947,                0.69179,                0.61118,                 0.9512,                0.73697,                0.51838,                0.59751,                0.42373,                0.63465,                0.34759,                0.41919,                0.27438,                 1.4055,                 3.0752,                 2.0517,                 1.5204,              0.0066886,              0.0066886,              0.0066886
                     99,                0.49686,                0.76451,                0.63856,                0.95487,                0.80087,                0.52704,                0.59681,                0.41623,                0.68946,                 0.3585,                0.42502,                0.28152,                 1.4872,                 3.1824,                 2.0508,                 1.5587,              0.0066545,              0.0066545,              0.0066545
                    100,                0.47889,                0.67915,                0.60655,                0.94356,                0.83474,                0.51949,                 0.6112,                0.44203,                0.62718,                0.36605,                0.43244,                 0.2887,                 1.4007,                 3.1694,                 1.9382,                 1.5263,              0.0066203,              0.0066203,              0.0066203
                    101,                0.48772,                0.66408,                0.63171,                0.93549,                0.82116,                0.50433,                0.61856,                0.44544,                0.50375,                0.43917,                0.43252,                0.27715,                 1.4083,                 3.0562,                 1.8558,                 1.5198,              0.0065862,              0.0065862,              0.0065862
                    102,                0.48873,                0.72745,                0.63445,                 0.9441,                0.75778,                0.51342,                0.61858,                0.45122,                0.60354,                0.38391,                0.43909,                0.28881,                 1.4057,                 3.1908,                  1.921,                 1.5177,              0.0065521,              0.0065521,              0.0065521
                    103,                0.47749,                0.70875,                0.59985,                0.93491,                0.76651,                0.51422,                0.62167,                0.45017,                0.50742,                0.42799,                0.43514,                0.27829,                 1.3343,                 3.3411,                  1.894,                 1.4746,              0.0065179,              0.0065179,              0.0065179
                    104,                0.47303,                0.68329,                 0.5889,                0.94006,                0.64299,                0.57292,                0.61747,                0.45078,                0.53016,                0.40798,                0.42057,                0.27697,                 1.2848,                 3.1696,                 1.8888,                 1.4368,              0.0064838,              0.0064838,              0.0064838
                    105,                0.47154,                0.69329,                0.58677,                0.93565,                0.75146,                0.51723,                 0.6283,                0.44586,                0.49771,                0.38203,                0.42767,                0.28008,                 1.3891,                 3.2676,                 1.9923,                 1.5005,              0.0064497,              0.0064497,              0.0064497
                    106,                  0.511,                0.71581,                 0.6229,                0.94901,                0.77833,                0.55072,                0.64801,                0.44203,                0.55234,                0.39748,                0.43245,                0.27798,                  1.393,                 3.1443,                 1.9919,                 1.5077,              0.0064155,              0.0064155,              0.0064155
                    107,                0.48509,                 0.6722,                0.58709,                0.93573,                0.78293,                0.55393,                0.67438,                0.45285,                0.59526,                0.37018,                0.43686,                0.29626,                 1.4059,                  3.265,                 1.8791,                 1.4892,              0.0063814,              0.0063814,              0.0063814
                    108,                0.48448,                0.70915,                0.60085,                 0.9365,                0.71047,                0.52997,                0.63873,                0.44291,                0.59016,                0.35921,                0.42546,                0.29022,                 1.4003,                 3.1853,                  1.913,                 1.4925,              0.0063472,              0.0063472,              0.0063472
                    109,                0.46979,                0.64812,                0.58454,                0.94014,                0.71353,                0.54434,                0.63855,                  0.466,                0.59938,                0.37327,                0.44402,                0.29492,                 1.4217,                 3.1564,                 1.8698,                 1.5163,              0.0063131,              0.0063131,              0.0063131
                    110,                0.45583,                0.63612,                0.57197,                0.92755,                0.79227,                0.54525,                0.65265,                 0.4649,                0.58755,                0.38568,                0.43783,                 0.2886,                 1.4197,                 3.0727,                 1.8969,                 1.5042,               0.006279,               0.006279,               0.006279
                    111,                0.46201,                0.64151,                0.57404,                0.96348,                0.64941,                0.59573,                0.66976,                0.48186,                0.57386,                0.43785,                0.48444,                0.31957,                 1.3721,                 3.0804,                 1.8105,                 1.4848,              0.0062448,              0.0062448,              0.0062448
                    112,                0.48417,                0.67264,                0.57369,                0.91822,                0.65387,                0.58574,                0.64934,                0.44505,                0.57544,                 0.4324,                0.47984,                0.29839,                 1.4337,                  3.141,                 1.8001,                 1.5061,              0.0062107,              0.0062107,              0.0062107
                    113,                0.44872,                0.63816,                0.55968,                0.93291,                0.80272,                0.52174,                0.64747,                0.44793,                0.61369,                0.37635,                0.45848,                0.29232,                 1.4324,                 3.2793,                 1.8799,                 1.5096,              0.0061766,              0.0061766,              0.0061766
                    114,                0.46735,                0.65377,                0.57061,                0.92941,                0.81287,                0.51003,                0.62486,                0.45062,                0.69632,                0.35925,                0.45119,                0.29024,                 1.4294,                 3.1946,                 1.8242,                 1.4932,              0.0061424,              0.0061424,              0.0061424
                    115,                0.46853,                0.65984,                0.56316,                0.94147,                0.82989,                0.50001,                 0.6267,                  0.455,                0.59464,                0.36653,                0.42401,                0.28136,                 1.4348,                 3.1647,                 1.8392,                 1.5023,              0.0061083,              0.0061083,              0.0061083
                    116,                0.45186,                0.64949,                0.56089,                0.93159,                0.76817,                0.51048,                0.63068,                0.45997,                0.55137,                0.37831,                0.45175,                0.27957,                 1.3929,                 3.1479,                 1.7796,                 1.4703,              0.0060741,              0.0060741,              0.0060741
                    117,                0.44109,                0.64586,                0.55272,                0.92355,                0.80444,                0.51335,                0.65146,                0.45673,                0.66786,                0.36017,                0.47596,                0.30284,                 1.3873,                 3.1552,                 1.7957,                 1.4563,                0.00604,                0.00604,                0.00604
                    118,                0.46493,                0.66047,                 0.5762,                 0.9283,                0.75294,                 0.5184,                 0.6314,                0.46342,                0.66257,                 0.3663,                0.46342,                0.30288,                 1.4004,                 3.1993,                 1.8378,                 1.4779,              0.0060059,              0.0060059,              0.0060059
                    119,                0.46468,                 0.6124,                0.56661,                0.93576,                0.67062,                0.60312,                0.64802,                0.46408,                0.56972,                0.42176,                 0.4661,                0.30056,                 1.3412,                 3.2774,                 1.8958,                 1.4547,              0.0059717,              0.0059717,              0.0059717
                    120,                0.46024,                0.63992,                0.57265,                0.92312,                0.67381,                0.60319,                0.64911,                0.46111,                0.57198,                0.42348,                0.46928,                0.29231,                 1.3568,                 3.2104,                 1.8525,                 1.4687,              0.0059376,              0.0059376,              0.0059376
                    121,                0.46545,                0.61314,                0.56969,                0.93058,                0.82371,                0.52067,                0.65968,                  0.461,                0.55706,                0.39521,                0.46447,                0.29938,                 1.3807,                  3.165,                 1.8642,                 1.4651,              0.0059034,              0.0059034,              0.0059034
                    122,                0.46707,                0.65249,                0.56352,                0.92523,                0.60415,                0.60343,                0.63623,                0.45475,                0.56595,                0.40021,                0.45946,                0.29186,                 1.3705,                 3.1402,                 1.8624,                 1.4682,              0.0058693,              0.0058693,              0.0058693
                    123,                0.43588,                0.61518,                 0.5377,                0.91479,                0.65821,                0.60923,                0.63277,                0.44933,                0.56334,                0.43104,                0.45537,                0.29104,                 1.3322,                 3.1848,                 1.8483,                 1.4564,              0.0058352,              0.0058352,              0.0058352
                    124,                0.45447,                0.68529,                0.55647,                0.91392,                0.79596,                0.51246,                0.63964,                0.45266,                 0.6945,                0.35882,                 0.4523,                0.29782,                 1.3294,                 3.3221,                 1.8462,                 1.4396,               0.005801,               0.005801,               0.005801
                    125,                0.41569,                0.58287,                0.52962,                0.90836,                0.77581,                0.51273,                0.62975,                0.44446,                0.68465,                0.35818,                0.44581,                0.29781,                 1.3212,                 3.3145,                 1.8555,                 1.4434,              0.0057669,              0.0057669,              0.0057669
                    126,                 0.4569,                0.62472,                 0.5378,                0.91855,                0.76338,                0.50949,                0.63592,                0.45217,                0.66712,                0.36002,                 0.4631,                0.30112,                 1.3102,                 3.3627,                 1.8454,                 1.4387,              0.0057328,              0.0057328,              0.0057328
                    127,                0.42578,                0.61749,                0.52516,                0.91676,                0.80075,                0.52361,                0.64628,                0.47759,                0.70892,                0.36967,                0.46771,                0.29918,                 1.3142,                 3.3637,                 1.8437,                 1.4367,              0.0056986,              0.0056986,              0.0056986
                    128,                0.42248,                0.60578,                0.52243,                0.92972,                0.81345,                0.49753,                 0.6407,                 0.4791,                0.53277,                0.41113,                0.48101,                0.31182,                 1.2603,                 3.2031,                 1.8074,                 1.4055,              0.0056645,              0.0056645,              0.0056645
                    129,                0.42898,                0.60346,                0.52401,                0.90224,                0.79264,                0.53081,                0.64384,                 0.4844,                0.67376,                0.35997,                0.44606,                0.30608,                 1.2454,                 3.1759,                 1.8257,                 1.3884,              0.0056303,              0.0056303,              0.0056303
                    130,                0.44484,                0.60802,                0.52987,                0.92364,                0.81059,                0.54019,                0.65171,                 0.4892,                0.63502,                0.38682,                0.45031,                0.31405,                 1.2723,                 3.2102,                 1.8441,                  1.386,              0.0055962,              0.0055962,              0.0055962
                    131,                0.44358,                0.58678,                 0.5319,                0.92252,                0.80642,                0.52074,                0.66926,                0.49497,                0.55209,                0.39208,                 0.4533,                0.31807,                 1.2802,                 3.1414,                   1.79,                 1.3845,              0.0055621,              0.0055621,              0.0055621
                    132,                0.42988,                0.58307,                 0.5272,                0.90204,                0.78767,                0.52794,                0.66213,                0.50044,                0.58153,                0.40323,                0.46307,                  0.326,                 1.2622,                 3.1441,                 1.7933,                  1.382,              0.0055279,              0.0055279,              0.0055279
                    133,                0.41538,                0.59087,                0.52733,                0.90694,                0.72831,                0.54507,                0.66453,                0.49981,                0.55457,                0.41028,                0.46096,                0.31305,                 1.2977,                  3.307,                 1.8013,                 1.4306,              0.0054938,              0.0054938,              0.0054938
                    134,                0.42286,                0.58198,                0.50961,                 0.9234,                0.70031,                0.54558,                0.64747,                0.48758,                0.52661,                0.41801,                0.45582,                0.30934,                 1.2536,                 3.2491,                 1.7941,                 1.4103,              0.0054597,              0.0054597,              0.0054597
                    135,                0.41072,                0.58168,                0.52119,                0.91839,                0.67234,                0.58724,                0.64277,                0.49022,                 0.5919,                0.42979,                0.44239,                0.30747,                 1.2773,                 3.1998,                 1.8449,                 1.4384,              0.0054255,              0.0054255,              0.0054255
                    136,                0.42346,                0.58619,                0.52372,                0.91383,                0.66498,                0.59439,                0.65379,                0.48685,                0.56865,                0.42992,                0.45297,                0.31329,                 1.2938,                 3.2191,                 1.8084,                 1.4424,              0.0053914,              0.0053914,              0.0053914
                    137,                 0.4273,                0.57798,                0.51315,                0.89543,                0.66071,                0.57483,                0.64871,                0.46316,                0.56387,                0.40852,                0.44992,                0.31732,                 1.2949,                 3.2495,                 1.8218,                  1.442,              0.0053572,              0.0053572,              0.0053572
                    138,                0.42909,                 0.5834,                0.51374,                0.91531,                0.70103,                0.57349,                0.65299,                0.45878,                0.60332,                0.40209,                0.45061,                0.31444,                 1.2853,                 3.2731,                 1.8006,                 1.4393,              0.0053231,              0.0053231,              0.0053231
                    139,                0.42178,                0.60963,                0.51419,                0.92132,                0.69996,                0.57455,                0.64666,                0.45726,                0.59787,                0.40913,                0.45681,                0.31175,                 1.2477,                  3.309,                 1.7931,                 1.4063,               0.005289,               0.005289,               0.005289
                    140,                 0.4217,                0.61622,                0.49896,                0.90275,                0.67967,                0.56195,                0.64964,                0.48616,                0.56364,                0.42063,                 0.4586,                0.31233,                 1.2514,                 3.2211,                 1.7213,                 1.3984,              0.0052548,              0.0052548,              0.0052548
                    141,                0.41643,                0.58996,                0.50258,                0.90752,                0.67045,                0.58928,                0.67051,                0.47373,                0.57921,                0.44975,                0.48465,                0.31557,                 1.2654,                  3.343,                 1.7584,                 1.3982,              0.0052207,              0.0052207,              0.0052207
                    142,                0.41484,                0.60346,                0.49576,                0.90891,                0.71674,                 0.5827,                0.67948,                 0.4958,                0.59419,                0.40404,                0.47865,                0.32248,                 1.2548,                 3.3542,                  1.758,                 1.3865,              0.0051866,              0.0051866,              0.0051866
                    143,                0.42428,                0.58925,                0.50058,                0.91704,                0.72135,                0.55502,                0.67016,                0.49863,                0.59118,                0.43142,                0.49274,                0.31181,                 1.2668,                 3.2721,                 1.7937,                 1.4007,              0.0051524,              0.0051524,              0.0051524
                    144,                 0.4236,                0.55403,                 0.5015,                0.90911,                0.76687,                0.57043,                0.68056,                0.50765,                0.65096,                0.42354,                0.49924,                0.33322,                 1.2754,                 3.2488,                 1.8091,                 1.4115,              0.0051183,              0.0051183,              0.0051183
                    145,                0.41895,                0.61792,                0.50967,                0.90422,                0.71037,                0.55485,                0.66601,                0.49358,                0.62124,                0.41196,                0.48307,                0.31442,                 1.3013,                 3.1973,                 1.8637,                 1.4326,              0.0050841,              0.0050841,              0.0050841
                    146,                0.41682,                0.57325,                0.50329,                0.91837,                0.72982,                0.57455,                0.66573,                0.49067,                0.64599,                0.41769,                 0.4856,                0.31899,                 1.3128,                 3.1714,                 1.8877,                 1.4324,                0.00505,                0.00505,                0.00505
                    147,                0.40478,                0.55251,                0.49151,                0.89977,                0.74736,                0.58659,                 0.6648,                0.50491,                0.66227,                0.43767,                0.49614,                 0.3312,                 1.3397,                 3.3857,                 1.8604,                 1.4254,              0.0050159,              0.0050159,              0.0050159
                    148,                0.39837,                0.55013,                0.50076,                0.89527,                0.72978,                0.57926,                0.66429,                0.49265,                   0.63,                0.42608,                0.49512,                0.32478,                 1.3084,                 3.3957,                 1.8247,                 1.4224,              0.0049817,              0.0049817,              0.0049817
                    149,                0.40126,                0.58281,                0.48975,                0.89511,                0.65889,                0.59836,                0.64756,                0.48962,                 0.5585,                 0.4415,                0.47851,                0.32167,                 1.2799,                 3.3049,                 1.8274,                 1.4178,              0.0049476,              0.0049476,              0.0049476
                    150,                0.42133,                0.59509,                0.49941,                0.90662,                0.67684,                0.59836,                0.65865,                0.49998,                0.59888,                0.44133,                0.47858,                0.33488,                 1.2473,                 3.2789,                 1.8188,                 1.4068,              0.0049134,              0.0049134,              0.0049134
                    151,                0.41164,                0.58062,                0.49313,                0.91032,                0.67471,                0.59836,                0.67406,                0.50847,                 0.5925,                 0.4415,                0.48972,                0.33341,                  1.271,                 3.4103,                 1.7924,                 1.4174,              0.0048793,              0.0048793,              0.0048793
                    152,                0.41003,                0.57834,                0.49376,                  0.897,                0.69039,                0.60613,                0.66738,                0.50747,                0.61453,                0.47135,                0.48466,                0.33068,                 1.2532,                 3.4099,                  1.773,                  1.403,              0.0048452,              0.0048452,              0.0048452
                    153,                0.40042,                0.56348,                 0.4781,                0.89264,                0.77948,                0.50523,                0.65192,                 0.4943,                0.51211,                0.42759,                0.46858,                0.32397,                 1.2277,                 3.3129,                 1.7825,                 1.3844,               0.004811,               0.004811,               0.004811
                    154,                0.41297,                0.57612,                0.49551,                0.89669,                0.72529,                0.53903,                0.64595,                0.49036,                0.62299,                  0.389,                0.46942,                0.31567,                 1.2467,                 3.4059,                 1.8131,                 1.4043,              0.0047769,              0.0047769,              0.0047769
                    155,                0.41482,                0.58781,                0.50141,                0.90283,                0.75476,                0.55686,                0.65228,                0.48688,                0.65223,                 0.3888,                0.45417,                0.31867,                  1.263,                   3.41,                  1.867,                 1.4339,              0.0047428,              0.0047428,              0.0047428
                    156,                0.41509,                0.57412,                0.50636,                0.91758,                0.74658,                 0.5452,                0.64695,                0.48447,                0.63448,                0.37338,                 0.4484,                0.31348,                 1.2751,                 3.2885,                 1.8753,                 1.4333,              0.0047086,              0.0047086,              0.0047086
                    157,                0.40307,                0.57367,                0.47611,                0.89998,                   0.81,                0.51184,                0.63938,                 0.4818,                 0.6524,                0.38023,                0.46923,                0.31549,                 1.2872,                 3.2933,                 1.8423,                 1.4244,              0.0046745,              0.0046745,              0.0046745
                    158,                0.40347,                0.55717,                0.48835,                0.90104,                0.74415,                0.54163,                 0.6572,                0.49132,                 0.6754,                0.39063,                0.49116,                0.32642,                 1.2595,                 3.3035,                 1.8188,                 1.4105,              0.0046403,              0.0046403,              0.0046403
                    159,                0.40343,                0.57694,                0.48253,                0.89391,                0.72939,                0.53824,                0.65103,                0.50455,                0.53915,                0.41715,                0.47241,                0.31863,                 1.2795,                 3.4008,                 1.7944,                 1.4283,              0.0046062,              0.0046062,              0.0046062
                    160,                0.40315,                0.57109,                0.49721,                0.89179,                0.73102,                0.53687,                 0.6539,                0.50176,                0.63664,                0.37463,                0.47387,                0.31983,                 1.2998,                 3.3883,                 1.8191,                 1.4432,              0.0045721,              0.0045721,              0.0045721
                    161,                0.42638,                 0.5903,                0.49612,                0.90094,                0.82788,                0.51502,                0.66438,                0.51107,                 0.5697,                0.44142,                0.47786,                0.32037,                 1.3144,                 3.4702,                  1.772,                 1.4413,              0.0045379,              0.0045379,              0.0045379
                    162,                 0.3893,                0.57478,                0.48127,                0.88521,                0.72807,                0.55498,                 0.6641,                0.51416,                0.56922,                0.43445,                0.47407,                 0.3273,                 1.2984,                 3.4755,                 1.7253,                 1.4371,              0.0045038,              0.0045038,              0.0045038
                    163,                0.38313,                0.55891,                0.46634,                0.87795,                0.80132,                0.50015,                0.65594,                0.49506,                0.53831,                0.41516,                0.47444,                0.32473,                 1.3184,                 3.2354,                 1.7485,                 1.4415,              0.0044697,              0.0044697,              0.0044697
                    164,                0.39749,                0.55555,                0.48232,                0.90593,                0.75042,                0.53422,                0.66724,                0.51591,                 0.5663,                0.42163,                0.48158,                0.32664,                 1.2991,                 3.3002,                 1.7339,                 1.4351,              0.0044355,              0.0044355,              0.0044355
                    165,                0.40537,                0.58754,                0.47534,                0.88889,                0.71234,                 0.5449,                0.67055,                0.50775,                0.54193,                0.38923,                0.46208,                0.32512,                 1.2647,                 3.2547,                 1.7718,                 1.4252,              0.0044014,              0.0044014,              0.0044014
                    166,                0.38384,                0.55946,                 0.4631,                0.88901,                0.78281,                0.52928,                0.66731,                0.49766,                0.56109,                 0.4129,                0.47745,                0.32573,                 1.2578,                 3.4522,                 1.7435,                 1.4124,              0.0043672,              0.0043672,              0.0043672
                    167,                0.39647,                0.57348,                0.47562,                0.89498,                0.68672,                  0.566,                0.65485,                0.48937,                0.58004,                0.40707,                0.46804,                0.31581,                 1.2704,                 3.3274,                 1.7917,                 1.4197,              0.0043331,              0.0043331,              0.0043331
                    168,                0.38183,                0.55651,                0.45777,                0.89024,                0.73005,                  0.558,                0.65842,                0.48383,                0.60241,                0.40889,                0.47438,                0.31878,                 1.2927,                 3.3212,                 1.8267,                 1.4327,               0.004299,               0.004299,               0.004299
                    169,                0.37935,                0.54368,                0.46059,                 0.9004,                0.69668,                0.57347,                0.64093,                0.47262,                0.60978,                0.40418,                0.44497,                0.31444,                 1.2862,                 3.2975,                 1.8175,                 1.4185,              0.0042648,              0.0042648,              0.0042648
                    170,                0.38591,                0.52805,                0.45652,                0.88092,                0.68855,                 0.5906,                0.64313,                0.47211,                0.60847,                0.41542,                 0.4499,                0.30666,                 1.2932,                 3.2402,                 1.8006,                 1.4223,              0.0042307,              0.0042307,              0.0042307
                    171,                0.37265,                0.52557,                0.46339,                0.89382,                0.84169,                0.50135,                0.64081,                0.47137,                0.57075,                0.42115,                0.44995,                0.30126,                 1.2409,                 3.3012,                 1.7804,                 1.4175,              0.0041966,              0.0041966,              0.0041966
                    172,                0.38979,                0.53147,                0.46379,                0.88358,                0.84621,                0.49634,                 0.6407,                0.47764,                0.59162,                0.40789,                0.45129,                0.30075,                 1.2636,                  3.475,                  1.823,                 1.4284,              0.0041624,              0.0041624,              0.0041624
                    173,                0.39795,                0.54023,                0.46859,                0.89335,                0.80809,                0.48413,                0.62593,                 0.4616,                0.55555,                0.38315,                0.43887,                0.30633,                 1.2699,                 3.5316,                 1.8822,                 1.4414,              0.0041283,              0.0041283,              0.0041283
                    174,                0.37563,                0.52229,                 0.4556,                0.88348,                0.81129,                0.49964,                0.62717,                0.46207,                0.64053,                0.36425,                0.44009,                0.30926,                 1.2626,                 3.5461,                 1.8878,                 1.4409,              0.0040941,              0.0040941,              0.0040941
                    175,                0.39662,                0.57622,                 0.4689,                0.89327,                0.83966,                0.49075,                0.63311,                0.46883,                0.69059,                0.35898,                0.44236,                0.31293,                 1.2737,                 3.5477,                 1.8527,                 1.4475,                0.00406,                0.00406,                0.00406
                    176,                0.37607,                 0.5482,                0.45991,                0.87223,                0.84025,                0.48461,                0.63013,                0.46975,                0.68748,                0.34693,                 0.4397,                 0.3126,                 1.2828,                 3.5332,                 1.8474,                  1.446,              0.0040259,              0.0040259,              0.0040259
                    177,                0.39711,                0.55727,                0.47654,                0.90424,                0.76495,                 0.5201,                0.64651,                0.48789,                0.65727,                0.35459,                0.45069,                0.32071,                 1.2812,                 3.5098,                 1.8115,                 1.4265,              0.0039917,              0.0039917,              0.0039917
                    178,                0.35276,                0.52515,                0.44646,                 0.8784,                 0.8313,                0.49753,                0.65487,                0.49164,                 0.6218,                0.37434,                0.45357,                0.32659,                 1.2915,                 3.4365,                  1.825,                 1.4379,              0.0039576,              0.0039576,              0.0039576
                    179,                 0.3809,                0.52331,                0.44356,                0.89514,                 0.8005,                0.51369,                 0.6593,                0.48134,                0.59967,                0.41033,                0.46317,                 0.3132,                 1.2967,                 3.2919,                 1.8189,                 1.4426,              0.0039234,              0.0039234,              0.0039234
                    180,                0.37074,                0.55081,                0.45907,                0.88973,                0.70486,                0.55334,                0.66847,                0.49108,                0.62408,                 0.3972,                0.46572,                0.32339,                   1.27,                 3.2908,                 1.8435,                 1.4238,              0.0038893,              0.0038893,              0.0038893
                    181,                0.38293,                0.55421,                0.45566,                0.89982,                0.81761,                0.51427,                0.67485,                0.50674,                0.57267,                0.40487,                 0.4823,                0.31933,                 1.2682,                 3.2448,                 1.8107,                  1.393,              0.0038552,              0.0038552,              0.0038552
                    182,                0.36739,                0.51238,                 0.4433,                0.86762,                0.82767,                0.51536,                0.66694,                 0.5047,                0.58151,                0.39906,                0.45249,                0.31228,                 1.2681,                 3.2606,                 1.8093,                 1.3947,               0.003821,               0.003821,               0.003821
                    183,                0.37599,                0.51919,                0.45077,                0.87507,                0.82493,                0.51709,                0.66784,                0.50693,                0.60375,                0.37305,                0.47123,                0.32349,                 1.2464,                 3.1008,                 1.8013,                 1.3803,              0.0037869,              0.0037869,              0.0037869
                    184,                0.37635,                0.54736,                0.45287,                0.88084,                0.74249,                0.51997,                0.65955,                0.50206,                0.53395,                0.40032,                0.46505,                0.31812,                 1.2407,                 3.1346,                 1.7978,                 1.3724,              0.0037528,              0.0037528,              0.0037528
                    185,                0.35155,                0.51705,                0.43172,                0.87154,                0.74551,                 0.5308,                0.66257,                0.50237,                0.63391,                0.36291,                0.45726,                0.31715,                 1.2378,                 3.0889,                  1.813,                 1.3687,              0.0037186,              0.0037186,              0.0037186
                    186,                0.38401,                0.54244,                 0.4515,                0.90365,                0.77665,                0.51028,                0.65543,                0.49626,                 0.6189,                0.35611,                0.46084,                0.31562,                 1.2372,                 3.1557,                 1.7651,                 1.3712,              0.0036845,              0.0036845,              0.0036845
                    187,                0.36566,                0.52949,                0.44424,                0.88386,                0.73259,                0.51458,                0.64629,                0.49049,                0.60375,                0.35604,                0.44015,                0.31003,                 1.2489,                 3.1658,                 1.8025,                 1.3823,              0.0036503,              0.0036503,              0.0036503
                    188,                0.36242,                0.52404,                0.44004,                0.89024,                 0.7495,                0.51034,                0.65313,                0.48654,                0.62521,                0.36981,                0.47327,                0.31231,                  1.237,                  3.175,                  1.821,                 1.3749,              0.0036162,              0.0036162,              0.0036162
                    189,                0.38037,                0.56187,                0.45188,                0.89028,                 0.8166,                0.50941,                0.66137,                0.47126,                0.66314,                0.36933,                0.46249,                0.31475,                 1.2569,                  3.267,                 1.7936,                 1.3951,              0.0035821,              0.0035821,              0.0035821
                    190,                0.36247,                0.51823,                0.43901,                0.88274,                0.78787,                0.51264,                0.65665,                 0.4714,                0.67436,                0.36928,                0.46576,                0.31651,                 1.2672,                 3.2849,                 1.8001,                 1.4081,              0.0035479,              0.0035479,              0.0035479
                    191,                0.35637,                0.50272,                0.43795,                0.89271,                0.83415,                0.50547,                0.66451,                0.48603,                0.69491,                0.37254,                0.47087,                0.32361,                 1.2798,                 3.2786,                 1.7839,                 1.4143,              0.0035138,              0.0035138,              0.0035138
                    192,                0.35347,                0.50529,                0.44126,                 0.8672,                0.79097,                0.50717,                0.66982,                0.48709,                 0.5923,                0.40897,                0.47908,                0.32253,                 1.2837,                 3.2749,                 1.7711,                  1.415,              0.0034797,              0.0034797,              0.0034797
                    193,                0.36577,                0.52559,                0.44843,                0.89972,                0.72398,                0.55151,                0.66677,                0.49294,                0.63588,                0.39609,                 0.4774,                0.31887,                  1.279,                 3.2397,                 1.7779,                 1.4001,              0.0034455,              0.0034455,              0.0034455
                    194,                0.35258,                0.53151,                0.42875,                0.86007,                0.72585,                0.54765,                0.66122,                0.48222,                  0.638,                0.39262,                0.48542,                0.31632,                 1.2865,                 3.3224,                 1.7715,                  1.402,              0.0034114,              0.0034114,              0.0034114
